account_id,customer_name,balance,status,risk_category
ACC-A-DORMANT-001,Northstar Trading LLC,72000.0,DORMANT,ELEVATED
EXT-A-120482,External Beneficiary 1,2000.0,ACTIVE,STANDARD
EXT-A-307484,External Beneficiary 2,2000.0,ACTIVE,STANDARD
EXT-A-867458,External Beneficiary 3,2000.0,ACTIVE,STANDARD
EXT-A-908166,External Beneficiary 4,2000.0,ACTIVE,STANDARD
ACC-B-A,Meridian Holdings A,500000.0,ACTIVE,ELEVATED
ACC-B-B,Meridian Holdings B,500000.0,ACTIVE,ELEVATED
ACC-B-C,Meridian Holdings C,500000.0,ACTIVE,ELEVATED
ACC-C-CORP,Cedar Systems Inc.,2500000.0,ACTIVE,LOW
ACC-C-PAY-01,Cedar Systems Employee 01,4125.0,ACTIVE,STANDARD
ACC-C-PAY-02,Cedar Systems Employee 02,4250.0,ACTIVE,STANDARD
ACC-C-PAY-03,Cedar Systems Employee 03,4375.0,ACTIVE,STANDARD
ACC-C-PAY-04,Cedar Systems Employee 04,4500.0,ACTIVE,STANDARD
ACC-C-PAY-05,Cedar Systems Employee 05,4625.0,ACTIVE,STANDARD
ACC-C-PAY-06,Cedar Systems Employee 06,4750.0,ACTIVE,STANDARD
ACC-C-PAY-07,Cedar Systems Employee 07,4875.0,ACTIVE,STANDARD
ACC-C-PAY-08,Cedar Systems Employee 08,5000.0,ACTIVE,STANDARD
ACC-C-PAY-09,Cedar Systems Employee 09,5125.0,ACTIVE,STANDARD
ACC-C-PAY-10,Cedar Systems Employee 10,5250.0,ACTIVE,STANDARD
ACC-C-PAY-11,Cedar Systems Employee 11,5375.0,ACTIVE,STANDARD
ACC-C-PAY-12,Cedar Systems Employee 12,5500.0,ACTIVE,STANDARD
ACC-C-HNW-01,Private Banking Client 01,1250000.0,ACTIVE,STANDARD
ACC-C-HNW-02,Private Banking Client 02,1500000.0,ACTIVE,STANDARD
ACC-C-HNW-03,Private Banking Client 03,1750000.0,ACTIVE,STANDARD
ACC-C-HNW-04,Private Banking Client 04,2000000.0,ACTIVE,STANDARD
ACC-C-HNW-05,Private Banking Client 05,2250000.0,ACTIVE,STANDARD
ACC-C-HNW-06,Private Banking Client 06,2500000.0,ACTIVE,STANDARD
ACC-A-DORMANT-002,"Rodriguez, Figueroa and Sanchez",72000.0,DORMANT,ELEVATED
EXT-A-002-1,External Beneficiary 2-1,2000.0,ACTIVE,STANDARD
EXT-A-002-2,External Beneficiary 2-2,2000.0,ACTIVE,STANDARD
EXT-A-002-3,External Beneficiary 2-3,2000.0,ACTIVE,STANDARD
EXT-A-002-4,External Beneficiary 2-4,2000.0,ACTIVE,STANDARD
ACC-A-DORMANT-003,Doyle Ltd,72000.0,DORMANT,ELEVATED
EXT-A-003-1,External Beneficiary 3-1,2000.0,ACTIVE,STANDARD
EXT-A-003-2,External Beneficiary 3-2,2000.0,ACTIVE,STANDARD
EXT-A-003-3,External Beneficiary 3-3,2000.0,ACTIVE,STANDARD
EXT-A-003-4,External Beneficiary 3-4,2000.0,ACTIVE,STANDARD
ACC-A-DORMANT-004,"Mcclain, Miller and Henderson",72000.0,DORMANT,ELEVATED
EXT-A-004-1,External Beneficiary 4-1,2000.0,ACTIVE,STANDARD
EXT-A-004-2,External Beneficiary 4-2,2000.0,ACTIVE,STANDARD
EXT-A-004-3,External Beneficiary 4-3,2000.0,ACTIVE,STANDARD
EXT-A-004-4,External Beneficiary 4-4,2000.0,ACTIVE,STANDARD
ACC-A-DORMANT-005,Davis and Sons,72000.0,DORMANT,ELEVATED
EXT-A-005-1,External Beneficiary 5-1,2000.0,ACTIVE,STANDARD
EXT-A-005-2,External Beneficiary 5-2,2000.0,ACTIVE,STANDARD
EXT-A-005-3,External Beneficiary 5-3,2000.0,ACTIVE,STANDARD
EXT-A-005-4,External Beneficiary 5-4,2000.0,ACTIVE,STANDARD
ACC-A-DORMANT-006,"Guzman, Hoffman and Baldwin",72000.0,DORMANT,ELEVATED
EXT-A-006-1,External Beneficiary 6-1,2000.0,ACTIVE,STANDARD
EXT-A-006-2,External Beneficiary 6-2,2000.0,ACTIVE,STANDARD
EXT-A-006-3,External Beneficiary 6-3,2000.0,ACTIVE,STANDARD
EXT-A-006-4,External Beneficiary 6-4,2000.0,ACTIVE,STANDARD
ACC-A-DORMANT-007,"Gardner, Robinson and Lawrence",72000.0,DORMANT,ELEVATED
EXT-A-007-1,External Beneficiary 7-1,2000.0,ACTIVE,STANDARD
EXT-A-007-2,External Beneficiary 7-2,2000.0,ACTIVE,STANDARD
EXT-A-007-3,External Beneficiary 7-3,2000.0,ACTIVE,STANDARD
EXT-A-007-4,External Beneficiary 7-4,2000.0,ACTIVE,STANDARD
ACC-A-DORMANT-008,Blake and Sons,72000.0,DORMANT,ELEVATED
EXT-A-008-1,External Beneficiary 8-1,2000.0,ACTIVE,STANDARD
EXT-A-008-2,External Beneficiary 8-2,2000.0,ACTIVE,STANDARD
EXT-A-008-3,External Beneficiary 8-3,2000.0,ACTIVE,STANDARD
EXT-A-008-4,External Beneficiary 8-4,2000.0,ACTIVE,STANDARD
ACC-A-DORMANT-009,"Henderson, Ramirez and Lewis",72000.0,DORMANT,ELEVATED
EXT-A-009-1,External Beneficiary 9-1,2000.0,ACTIVE,STANDARD
EXT-A-009-2,External Beneficiary 9-2,2000.0,ACTIVE,STANDARD
EXT-A-009-3,External Beneficiary 9-3,2000.0,ACTIVE,STANDARD
EXT-A-009-4,External Beneficiary 9-4,2000.0,ACTIVE,STANDARD
ACC-A-DORMANT-010,Garcia-James,72000.0,DORMANT,ELEVATED
EXT-A-010-1,External Beneficiary 10-1,2000.0,ACTIVE,STANDARD
EXT-A-010-2,External Beneficiary 10-2,2000.0,ACTIVE,STANDARD
EXT-A-010-3,External Beneficiary 10-3,2000.0,ACTIVE,STANDARD
EXT-A-010-4,External Beneficiary 10-4,2000.0,ACTIVE,STANDARD
ACC-A-DORMANT-011,Abbott-Munoz,72000.0,DORMANT,ELEVATED
EXT-A-011-1,External Beneficiary 11-1,2000.0,ACTIVE,STANDARD
EXT-A-011-2,External Beneficiary 11-2,2000.0,ACTIVE,STANDARD
EXT-A-011-3,External Beneficiary 11-3,2000.0,ACTIVE,STANDARD
EXT-A-011-4,External Beneficiary 11-4,2000.0,ACTIVE,STANDARD
ACC-A-DORMANT-012,Blair PLC,72000.0,DORMANT,ELEVATED
EXT-A-012-1,External Beneficiary 12-1,2000.0,ACTIVE,STANDARD
EXT-A-012-2,External Beneficiary 12-2,2000.0,ACTIVE,STANDARD
EXT-A-012-3,External Beneficiary 12-3,2000.0,ACTIVE,STANDARD
EXT-A-012-4,External Beneficiary 12-4,2000.0,ACTIVE,STANDARD
ACC-A-DORMANT-013,Dudley Group,72000.0,DORMANT,ELEVATED
EXT-A-013-1,External Beneficiary 13-1,2000.0,ACTIVE,STANDARD
EXT-A-013-2,External Beneficiary 13-2,2000.0,ACTIVE,STANDARD
EXT-A-013-3,External Beneficiary 13-3,2000.0,ACTIVE,STANDARD
EXT-A-013-4,External Beneficiary 13-4,2000.0,ACTIVE,STANDARD
ACC-A-DORMANT-014,Arnold Ltd,72000.0,DORMANT,ELEVATED
EXT-A-014-1,External Beneficiary 14-1,2000.0,ACTIVE,STANDARD
EXT-A-014-2,External Beneficiary 14-2,2000.0,ACTIVE,STANDARD
EXT-A-014-3,External Beneficiary 14-3,2000.0,ACTIVE,STANDARD
EXT-A-014-4,External Beneficiary 14-4,2000.0,ACTIVE,STANDARD
ACC-A-DORMANT-015,"Mcclure, Ward and Lee",72000.0,DORMANT,ELEVATED
EXT-A-015-1,External Beneficiary 15-1,2000.0,ACTIVE,STANDARD
EXT-A-015-2,External Beneficiary 15-2,2000.0,ACTIVE,STANDARD
EXT-A-015-3,External Beneficiary 15-3,2000.0,ACTIVE,STANDARD
EXT-A-015-4,External Beneficiary 15-4,2000.0,ACTIVE,STANDARD
ACC-A-DORMANT-016,Williams and Sons,72000.0,DORMANT,ELEVATED
EXT-A-016-1,External Beneficiary 16-1,2000.0,ACTIVE,STANDARD
EXT-A-016-2,External Beneficiary 16-2,2000.0,ACTIVE,STANDARD
EXT-A-016-3,External Beneficiary 16-3,2000.0,ACTIVE,STANDARD
EXT-A-016-4,External Beneficiary 16-4,2000.0,ACTIVE,STANDARD
ACC-A-DORMANT-017,Galloway-Wyatt,72000.0,DORMANT,ELEVATED
EXT-A-017-1,External Beneficiary 17-1,2000.0,ACTIVE,STANDARD
EXT-A-017-2,External Beneficiary 17-2,2000.0,ACTIVE,STANDARD
EXT-A-017-3,External Beneficiary 17-3,2000.0,ACTIVE,STANDARD
EXT-A-017-4,External Beneficiary 17-4,2000.0,ACTIVE,STANDARD
ACC-A-DORMANT-018,James Group,72000.0,DORMANT,ELEVATED
EXT-A-018-1,External Beneficiary 18-1,2000.0,ACTIVE,STANDARD
EXT-A-018-2,External Beneficiary 18-2,2000.0,ACTIVE,STANDARD
EXT-A-018-3,External Beneficiary 18-3,2000.0,ACTIVE,STANDARD
EXT-A-018-4,External Beneficiary 18-4,2000.0,ACTIVE,STANDARD
ACC-A-DORMANT-019,"Flowers, Martin and Kelly",72000.0,DORMANT,ELEVATED
EXT-A-019-1,External Beneficiary 19-1,2000.0,ACTIVE,STANDARD
EXT-A-019-2,External Beneficiary 19-2,2000.0,ACTIVE,STANDARD
EXT-A-019-3,External Beneficiary 19-3,2000.0,ACTIVE,STANDARD
EXT-A-019-4,External Beneficiary 19-4,2000.0,ACTIVE,STANDARD
ACC-A-DORMANT-020,"Adams, Zuniga and Wong",72000.0,DORMANT,ELEVATED
EXT-A-020-1,External Beneficiary 20-1,2000.0,ACTIVE,STANDARD
EXT-A-020-2,External Beneficiary 20-2,2000.0,ACTIVE,STANDARD
EXT-A-020-3,External Beneficiary 20-3,2000.0,ACTIVE,STANDARD
EXT-A-020-4,External Beneficiary 20-4,2000.0,ACTIVE,STANDARD
ACC-A-DORMANT-021,"Reid, Ferguson and Sanchez",72000.0,DORMANT,ELEVATED
EXT-A-021-1,External Beneficiary 21-1,2000.0,ACTIVE,STANDARD
EXT-A-021-2,External Beneficiary 21-2,2000.0,ACTIVE,STANDARD
EXT-A-021-3,External Beneficiary 21-3,2000.0,ACTIVE,STANDARD
EXT-A-021-4,External Beneficiary 21-4,2000.0,ACTIVE,STANDARD
ACC-A-DORMANT-022,Gray-Mayo,72000.0,DORMANT,ELEVATED
EXT-A-022-1,External Beneficiary 22-1,2000.0,ACTIVE,STANDARD
EXT-A-022-2,External Beneficiary 22-2,2000.0,ACTIVE,STANDARD
EXT-A-022-3,External Beneficiary 22-3,2000.0,ACTIVE,STANDARD
EXT-A-022-4,External Beneficiary 22-4,2000.0,ACTIVE,STANDARD
ACC-A-DORMANT-023,"Watts, Robinson and Nguyen",72000.0,DORMANT,ELEVATED
EXT-A-023-1,External Beneficiary 23-1,2000.0,ACTIVE,STANDARD
EXT-A-023-2,External Beneficiary 23-2,2000.0,ACTIVE,STANDARD
EXT-A-023-3,External Beneficiary 23-3,2000.0,ACTIVE,STANDARD
EXT-A-023-4,External Beneficiary 23-4,2000.0,ACTIVE,STANDARD
ACC-A-DORMANT-024,Perez Inc,72000.0,DORMANT,ELEVATED
EXT-A-024-1,External Beneficiary 24-1,2000.0,ACTIVE,STANDARD
EXT-A-024-2,External Beneficiary 24-2,2000.0,ACTIVE,STANDARD
EXT-A-024-3,External Beneficiary 24-3,2000.0,ACTIVE,STANDARD
EXT-A-024-4,External Beneficiary 24-4,2000.0,ACTIVE,STANDARD
ACC-A-DORMANT-025,Morales-Jones,72000.0,DORMANT,ELEVATED
EXT-A-025-1,External Beneficiary 25-1,2000.0,ACTIVE,STANDARD
EXT-A-025-2,External Beneficiary 25-2,2000.0,ACTIVE,STANDARD
EXT-A-025-3,External Beneficiary 25-3,2000.0,ACTIVE,STANDARD
EXT-A-025-4,External Beneficiary 25-4,2000.0,ACTIVE,STANDARD
ACC-A-DORMANT-026,"Walter, Edwards and Rios",72000.0,DORMANT,ELEVATED
EXT-A-026-1,External Beneficiary 26-1,2000.0,ACTIVE,STANDARD
EXT-A-026-2,External Beneficiary 26-2,2000.0,ACTIVE,STANDARD
EXT-A-026-3,External Beneficiary 26-3,2000.0,ACTIVE,STANDARD
EXT-A-026-4,External Beneficiary 26-4,2000.0,ACTIVE,STANDARD
ACC-A-DORMANT-027,Wilkerson-Day,72000.0,DORMANT,ELEVATED
EXT-A-027-1,External Beneficiary 27-1,2000.0,ACTIVE,STANDARD
EXT-A-027-2,External Beneficiary 27-2,2000.0,ACTIVE,STANDARD
EXT-A-027-3,External Beneficiary 27-3,2000.0,ACTIVE,STANDARD
EXT-A-027-4,External Beneficiary 27-4,2000.0,ACTIVE,STANDARD
ACC-A-DORMANT-028,Baker and Sons,72000.0,DORMANT,ELEVATED
EXT-A-028-1,External Beneficiary 28-1,2000.0,ACTIVE,STANDARD
EXT-A-028-2,External Beneficiary 28-2,2000.0,ACTIVE,STANDARD
EXT-A-028-3,External Beneficiary 28-3,2000.0,ACTIVE,STANDARD
EXT-A-028-4,External Beneficiary 28-4,2000.0,ACTIVE,STANDARD
ACC-A-DORMANT-029,"Hoffman, Baker and Richards",72000.0,DORMANT,ELEVATED
EXT-A-029-1,External Beneficiary 29-1,2000.0,ACTIVE,STANDARD
EXT-A-029-2,External Beneficiary 29-2,2000.0,ACTIVE,STANDARD
EXT-A-029-3,External Beneficiary 29-3,2000.0,ACTIVE,STANDARD
EXT-A-029-4,External Beneficiary 29-4,2000.0,ACTIVE,STANDARD
ACC-A-DORMANT-030,"Ross, Robinson and Bright",72000.0,DORMANT,ELEVATED
EXT-A-030-1,External Beneficiary 30-1,2000.0,ACTIVE,STANDARD
EXT-A-030-2,External Beneficiary 30-2,2000.0,ACTIVE,STANDARD
EXT-A-030-3,External Beneficiary 30-3,2000.0,ACTIVE,STANDARD
EXT-A-030-4,External Beneficiary 30-4,2000.0,ACTIVE,STANDARD
ACC-A-DORMANT-031,"Snyder, Campos and Callahan",72000.0,DORMANT,ELEVATED
EXT-A-031-1,External Beneficiary 31-1,2000.0,ACTIVE,STANDARD
EXT-A-031-2,External Beneficiary 31-2,2000.0,ACTIVE,STANDARD
EXT-A-031-3,External Beneficiary 31-3,2000.0,ACTIVE,STANDARD
EXT-A-031-4,External Beneficiary 31-4,2000.0,ACTIVE,STANDARD
ACC-A-DORMANT-032,Burton Ltd,72000.0,DORMANT,ELEVATED
EXT-A-032-1,External Beneficiary 32-1,2000.0,ACTIVE,STANDARD
EXT-A-032-2,External Beneficiary 32-2,2000.0,ACTIVE,STANDARD
EXT-A-032-3,External Beneficiary 32-3,2000.0,ACTIVE,STANDARD
EXT-A-032-4,External Beneficiary 32-4,2000.0,ACTIVE,STANDARD
ACC-A-DORMANT-033,Carlson-Cruz,72000.0,DORMANT,ELEVATED
EXT-A-033-1,External Beneficiary 33-1,2000.0,ACTIVE,STANDARD
EXT-A-033-2,External Beneficiary 33-2,2000.0,ACTIVE,STANDARD
EXT-A-033-3,External Beneficiary 33-3,2000.0,ACTIVE,STANDARD
EXT-A-033-4,External Beneficiary 33-4,2000.0,ACTIVE,STANDARD
ACC-A-DORMANT-034,"Ferrell, Rice and Maddox",72000.0,DORMANT,ELEVATED
EXT-A-034-1,External Beneficiary 34-1,2000.0,ACTIVE,STANDARD
EXT-A-034-2,External Beneficiary 34-2,2000.0,ACTIVE,STANDARD
EXT-A-034-3,External Beneficiary 34-3,2000.0,ACTIVE,STANDARD
EXT-A-034-4,External Beneficiary 34-4,2000.0,ACTIVE,STANDARD
ACC-A-DORMANT-035,Frazier Inc,72000.0,DORMANT,ELEVATED
EXT-A-035-1,External Beneficiary 35-1,2000.0,ACTIVE,STANDARD
EXT-A-035-2,External Beneficiary 35-2,2000.0,ACTIVE,STANDARD
EXT-A-035-3,External Beneficiary 35-3,2000.0,ACTIVE,STANDARD
EXT-A-035-4,External Beneficiary 35-4,2000.0,ACTIVE,STANDARD
ACC-A-DORMANT-036,"Dyer, Potter and Mack",72000.0,DORMANT,ELEVATED
EXT-A-036-1,External Beneficiary 36-1,2000.0,ACTIVE,STANDARD
EXT-A-036-2,External Beneficiary 36-2,2000.0,ACTIVE,STANDARD
EXT-A-036-3,External Beneficiary 36-3,2000.0,ACTIVE,STANDARD
EXT-A-036-4,External Beneficiary 36-4,2000.0,ACTIVE,STANDARD
ACC-A-DORMANT-037,Rodriguez-Graham,72000.0,DORMANT,ELEVATED
EXT-A-037-1,External Beneficiary 37-1,2000.0,ACTIVE,STANDARD
EXT-A-037-2,External Beneficiary 37-2,2000.0,ACTIVE,STANDARD
EXT-A-037-3,External Beneficiary 37-3,2000.0,ACTIVE,STANDARD
EXT-A-037-4,External Beneficiary 37-4,2000.0,ACTIVE,STANDARD
ACC-A-DORMANT-038,Smith-Bowen,72000.0,DORMANT,ELEVATED
EXT-A-038-1,External Beneficiary 38-1,2000.0,ACTIVE,STANDARD
EXT-A-038-2,External Beneficiary 38-2,2000.0,ACTIVE,STANDARD
EXT-A-038-3,External Beneficiary 38-3,2000.0,ACTIVE,STANDARD
EXT-A-038-4,External Beneficiary 38-4,2000.0,ACTIVE,STANDARD
ACC-A-DORMANT-039,"Baker, Mason and White",72000.0,DORMANT,ELEVATED
EXT-A-039-1,External Beneficiary 39-1,2000.0,ACTIVE,STANDARD
EXT-A-039-2,External Beneficiary 39-2,2000.0,ACTIVE,STANDARD
EXT-A-039-3,External Beneficiary 39-3,2000.0,ACTIVE,STANDARD
EXT-A-039-4,External Beneficiary 39-4,2000.0,ACTIVE,STANDARD
ACC-A-DORMANT-040,Harrell LLC,72000.0,DORMANT,ELEVATED
EXT-A-040-1,External Beneficiary 40-1,2000.0,ACTIVE,STANDARD
EXT-A-040-2,External Beneficiary 40-2,2000.0,ACTIVE,STANDARD
EXT-A-040-3,External Beneficiary 40-3,2000.0,ACTIVE,STANDARD
EXT-A-040-4,External Beneficiary 40-4,2000.0,ACTIVE,STANDARD
ACC-A-DORMANT-041,"Romero, Gonzalez and Brooks",72000.0,DORMANT,ELEVATED
EXT-A-041-1,External Beneficiary 41-1,2000.0,ACTIVE,STANDARD
EXT-A-041-2,External Beneficiary 41-2,2000.0,ACTIVE,STANDARD
EXT-A-041-3,External Beneficiary 41-3,2000.0,ACTIVE,STANDARD
EXT-A-041-4,External Beneficiary 41-4,2000.0,ACTIVE,STANDARD
ACC-A-DORMANT-042,Ryan PLC,72000.0,DORMANT,ELEVATED
EXT-A-042-1,External Beneficiary 42-1,2000.0,ACTIVE,STANDARD
EXT-A-042-2,External Beneficiary 42-2,2000.0,ACTIVE,STANDARD
EXT-A-042-3,External Beneficiary 42-3,2000.0,ACTIVE,STANDARD
EXT-A-042-4,External Beneficiary 42-4,2000.0,ACTIVE,STANDARD
ACC-A-DORMANT-043,George Group,72000.0,DORMANT,ELEVATED
EXT-A-043-1,External Beneficiary 43-1,2000.0,ACTIVE,STANDARD
EXT-A-043-2,External Beneficiary 43-2,2000.0,ACTIVE,STANDARD
EXT-A-043-3,External Beneficiary 43-3,2000.0,ACTIVE,STANDARD
EXT-A-043-4,External Beneficiary 43-4,2000.0,ACTIVE,STANDARD
ACC-A-DORMANT-044,Rodriguez LLC,72000.0,DORMANT,ELEVATED
EXT-A-044-1,External Beneficiary 44-1,2000.0,ACTIVE,STANDARD
EXT-A-044-2,External Beneficiary 44-2,2000.0,ACTIVE,STANDARD
EXT-A-044-3,External Beneficiary 44-3,2000.0,ACTIVE,STANDARD
EXT-A-044-4,External Beneficiary 44-4,2000.0,ACTIVE,STANDARD
ACC-A-DORMANT-045,Allen-Allen,72000.0,DORMANT,ELEVATED
EXT-A-045-1,External Beneficiary 45-1,2000.0,ACTIVE,STANDARD
EXT-A-045-2,External Beneficiary 45-2,2000.0,ACTIVE,STANDARD
EXT-A-045-3,External Beneficiary 45-3,2000.0,ACTIVE,STANDARD
EXT-A-045-4,External Beneficiary 45-4,2000.0,ACTIVE,STANDARD
ACC-A-DORMANT-046,"Arroyo, Miller and Tucker",72000.0,DORMANT,ELEVATED
EXT-A-046-1,External Beneficiary 46-1,2000.0,ACTIVE,STANDARD
EXT-A-046-2,External Beneficiary 46-2,2000.0,ACTIVE,STANDARD
EXT-A-046-3,External Beneficiary 46-3,2000.0,ACTIVE,STANDARD
EXT-A-046-4,External Beneficiary 46-4,2000.0,ACTIVE,STANDARD
ACC-A-DORMANT-047,Spence PLC,72000.0,DORMANT,ELEVATED
EXT-A-047-1,External Beneficiary 47-1,2000.0,ACTIVE,STANDARD
EXT-A-047-2,External Beneficiary 47-2,2000.0,ACTIVE,STANDARD
EXT-A-047-3,External Beneficiary 47-3,2000.0,ACTIVE,STANDARD
EXT-A-047-4,External Beneficiary 47-4,2000.0,ACTIVE,STANDARD
ACC-A-DORMANT-048,Anderson Group,72000.0,DORMANT,ELEVATED
EXT-A-048-1,External Beneficiary 48-1,2000.0,ACTIVE,STANDARD
EXT-A-048-2,External Beneficiary 48-2,2000.0,ACTIVE,STANDARD
EXT-A-048-3,External Beneficiary 48-3,2000.0,ACTIVE,STANDARD
EXT-A-048-4,External Beneficiary 48-4,2000.0,ACTIVE,STANDARD
ACC-A-DORMANT-049,"Martin, Rose and Obrien",72000.0,DORMANT,ELEVATED
EXT-A-049-1,External Beneficiary 49-1,2000.0,ACTIVE,STANDARD
EXT-A-049-2,External Beneficiary 49-2,2000.0,ACTIVE,STANDARD
EXT-A-049-3,External Beneficiary 49-3,2000.0,ACTIVE,STANDARD
EXT-A-049-4,External Beneficiary 49-4,2000.0,ACTIVE,STANDARD
ACC-A-DORMANT-050,Hickman Ltd,72000.0,DORMANT,ELEVATED
EXT-A-050-1,External Beneficiary 50-1,2000.0,ACTIVE,STANDARD
EXT-A-050-2,External Beneficiary 50-2,2000.0,ACTIVE,STANDARD
EXT-A-050-3,External Beneficiary 50-3,2000.0,ACTIVE,STANDARD
EXT-A-050-4,External Beneficiary 50-4,2000.0,ACTIVE,STANDARD
ACC-A-DORMANT-051,"Harris, Collins and Carney",72000.0,DORMANT,ELEVATED
EXT-A-051-1,External Beneficiary 51-1,2000.0,ACTIVE,STANDARD
EXT-A-051-2,External Beneficiary 51-2,2000.0,ACTIVE,STANDARD
EXT-A-051-3,External Beneficiary 51-3,2000.0,ACTIVE,STANDARD
EXT-A-051-4,External Beneficiary 51-4,2000.0,ACTIVE,STANDARD
ACC-A-DORMANT-052,"Brooks, Lam and Hayes",72000.0,DORMANT,ELEVATED
EXT-A-052-1,External Beneficiary 52-1,2000.0,ACTIVE,STANDARD
EXT-A-052-2,External Beneficiary 52-2,2000.0,ACTIVE,STANDARD
EXT-A-052-3,External Beneficiary 52-3,2000.0,ACTIVE,STANDARD
EXT-A-052-4,External Beneficiary 52-4,2000.0,ACTIVE,STANDARD
ACC-A-DORMANT-053,Walker LLC,72000.0,DORMANT,ELEVATED
EXT-A-053-1,External Beneficiary 53-1,2000.0,ACTIVE,STANDARD
EXT-A-053-2,External Beneficiary 53-2,2000.0,ACTIVE,STANDARD
EXT-A-053-3,External Beneficiary 53-3,2000.0,ACTIVE,STANDARD
EXT-A-053-4,External Beneficiary 53-4,2000.0,ACTIVE,STANDARD
ACC-A-DORMANT-054,Chapman and Sons,72000.0,DORMANT,ELEVATED
EXT-A-054-1,External Beneficiary 54-1,2000.0,ACTIVE,STANDARD
EXT-A-054-2,External Beneficiary 54-2,2000.0,ACTIVE,STANDARD
EXT-A-054-3,External Beneficiary 54-3,2000.0,ACTIVE,STANDARD
EXT-A-054-4,External Beneficiary 54-4,2000.0,ACTIVE,STANDARD
ACC-A-DORMANT-055,"Robinson, Jones and Welch",72000.0,DORMANT,ELEVATED
EXT-A-055-1,External Beneficiary 55-1,2000.0,ACTIVE,STANDARD
EXT-A-055-2,External Beneficiary 55-2,2000.0,ACTIVE,STANDARD
EXT-A-055-3,External Beneficiary 55-3,2000.0,ACTIVE,STANDARD
EXT-A-055-4,External Beneficiary 55-4,2000.0,ACTIVE,STANDARD
ACC-A-DORMANT-056,Jones Inc,72000.0,DORMANT,ELEVATED
EXT-A-056-1,External Beneficiary 56-1,2000.0,ACTIVE,STANDARD
EXT-A-056-2,External Beneficiary 56-2,2000.0,ACTIVE,STANDARD
EXT-A-056-3,External Beneficiary 56-3,2000.0,ACTIVE,STANDARD
EXT-A-056-4,External Beneficiary 56-4,2000.0,ACTIVE,STANDARD
ACC-A-DORMANT-057,Jones-Young,72000.0,DORMANT,ELEVATED
EXT-A-057-1,External Beneficiary 57-1,2000.0,ACTIVE,STANDARD
EXT-A-057-2,External Beneficiary 57-2,2000.0,ACTIVE,STANDARD
EXT-A-057-3,External Beneficiary 57-3,2000.0,ACTIVE,STANDARD
EXT-A-057-4,External Beneficiary 57-4,2000.0,ACTIVE,STANDARD
ACC-A-DORMANT-058,"Washington, Ryan and Cummings",72000.0,DORMANT,ELEVATED
EXT-A-058-1,External Beneficiary 58-1,2000.0,ACTIVE,STANDARD
EXT-A-058-2,External Beneficiary 58-2,2000.0,ACTIVE,STANDARD
EXT-A-058-3,External Beneficiary 58-3,2000.0,ACTIVE,STANDARD
EXT-A-058-4,External Beneficiary 58-4,2000.0,ACTIVE,STANDARD
ACC-A-DORMANT-059,"Johnston, Sanchez and Kennedy",72000.0,DORMANT,ELEVATED
EXT-A-059-1,External Beneficiary 59-1,2000.0,ACTIVE,STANDARD
EXT-A-059-2,External Beneficiary 59-2,2000.0,ACTIVE,STANDARD
EXT-A-059-3,External Beneficiary 59-3,2000.0,ACTIVE,STANDARD
EXT-A-059-4,External Beneficiary 59-4,2000.0,ACTIVE,STANDARD
ACC-A-DORMANT-060,Lee-Davis,72000.0,DORMANT,ELEVATED
EXT-A-060-1,External Beneficiary 60-1,2000.0,ACTIVE,STANDARD
EXT-A-060-2,External Beneficiary 60-2,2000.0,ACTIVE,STANDARD
EXT-A-060-3,External Beneficiary 60-3,2000.0,ACTIVE,STANDARD
EXT-A-060-4,External Beneficiary 60-4,2000.0,ACTIVE,STANDARD
ACC-A-DORMANT-061,Gomez-Jenkins,72000.0,DORMANT,ELEVATED
EXT-A-061-1,External Beneficiary 61-1,2000.0,ACTIVE,STANDARD
EXT-A-061-2,External Beneficiary 61-2,2000.0,ACTIVE,STANDARD
EXT-A-061-3,External Beneficiary 61-3,2000.0,ACTIVE,STANDARD
EXT-A-061-4,External Beneficiary 61-4,2000.0,ACTIVE,STANDARD
ACC-A-DORMANT-062,"Brown, Valdez and Lucas",72000.0,DORMANT,ELEVATED
EXT-A-062-1,External Beneficiary 62-1,2000.0,ACTIVE,STANDARD
EXT-A-062-2,External Beneficiary 62-2,2000.0,ACTIVE,STANDARD
EXT-A-062-3,External Beneficiary 62-3,2000.0,ACTIVE,STANDARD
EXT-A-062-4,External Beneficiary 62-4,2000.0,ACTIVE,STANDARD
ACC-A-DORMANT-063,Powell LLC,72000.0,DORMANT,ELEVATED
EXT-A-063-1,External Beneficiary 63-1,2000.0,ACTIVE,STANDARD
EXT-A-063-2,External Beneficiary 63-2,2000.0,ACTIVE,STANDARD
EXT-A-063-3,External Beneficiary 63-3,2000.0,ACTIVE,STANDARD
EXT-A-063-4,External Beneficiary 63-4,2000.0,ACTIVE,STANDARD
ACC-A-DORMANT-064,Wright and Sons,72000.0,DORMANT,ELEVATED
EXT-A-064-1,External Beneficiary 64-1,2000.0,ACTIVE,STANDARD
EXT-A-064-2,External Beneficiary 64-2,2000.0,ACTIVE,STANDARD
EXT-A-064-3,External Beneficiary 64-3,2000.0,ACTIVE,STANDARD
EXT-A-064-4,External Beneficiary 64-4,2000.0,ACTIVE,STANDARD
ACC-A-DORMANT-065,"West, Henderson and Ramirez",72000.0,DORMANT,ELEVATED
EXT-A-065-1,External Beneficiary 65-1,2000.0,ACTIVE,STANDARD
EXT-A-065-2,External Beneficiary 65-2,2000.0,ACTIVE,STANDARD
EXT-A-065-3,External Beneficiary 65-3,2000.0,ACTIVE,STANDARD
EXT-A-065-4,External Beneficiary 65-4,2000.0,ACTIVE,STANDARD
ACC-A-DORMANT-066,Baxter Inc,72000.0,DORMANT,ELEVATED
EXT-A-066-1,External Beneficiary 66-1,2000.0,ACTIVE,STANDARD
EXT-A-066-2,External Beneficiary 66-2,2000.0,ACTIVE,STANDARD
EXT-A-066-3,External Beneficiary 66-3,2000.0,ACTIVE,STANDARD
EXT-A-066-4,External Beneficiary 66-4,2000.0,ACTIVE,STANDARD
ACC-A-DORMANT-067,Morton-Chase,72000.0,DORMANT,ELEVATED
EXT-A-067-1,External Beneficiary 67-1,2000.0,ACTIVE,STANDARD
EXT-A-067-2,External Beneficiary 67-2,2000.0,ACTIVE,STANDARD
EXT-A-067-3,External Beneficiary 67-3,2000.0,ACTIVE,STANDARD
EXT-A-067-4,External Beneficiary 67-4,2000.0,ACTIVE,STANDARD
ACC-A-DORMANT-068,Williams PLC,72000.0,DORMANT,ELEVATED
EXT-A-068-1,External Beneficiary 68-1,2000.0,ACTIVE,STANDARD
EXT-A-068-2,External Beneficiary 68-2,2000.0,ACTIVE,STANDARD
EXT-A-068-3,External Beneficiary 68-3,2000.0,ACTIVE,STANDARD
EXT-A-068-4,External Beneficiary 68-4,2000.0,ACTIVE,STANDARD
ACC-A-DORMANT-069,Novak and Sons,72000.0,DORMANT,ELEVATED
EXT-A-069-1,External Beneficiary 69-1,2000.0,ACTIVE,STANDARD
EXT-A-069-2,External Beneficiary 69-2,2000.0,ACTIVE,STANDARD
EXT-A-069-3,External Beneficiary 69-3,2000.0,ACTIVE,STANDARD
EXT-A-069-4,External Beneficiary 69-4,2000.0,ACTIVE,STANDARD
ACC-A-DORMANT-070,Russell Group,72000.0,DORMANT,ELEVATED
EXT-A-070-1,External Beneficiary 70-1,2000.0,ACTIVE,STANDARD
EXT-A-070-2,External Beneficiary 70-2,2000.0,ACTIVE,STANDARD
EXT-A-070-3,External Beneficiary 70-3,2000.0,ACTIVE,STANDARD
EXT-A-070-4,External Beneficiary 70-4,2000.0,ACTIVE,STANDARD
ACC-A-DORMANT-071,Hancock Inc,72000.0,DORMANT,ELEVATED
EXT-A-071-1,External Beneficiary 71-1,2000.0,ACTIVE,STANDARD
EXT-A-071-2,External Beneficiary 71-2,2000.0,ACTIVE,STANDARD
EXT-A-071-3,External Beneficiary 71-3,2000.0,ACTIVE,STANDARD
EXT-A-071-4,External Beneficiary 71-4,2000.0,ACTIVE,STANDARD
ACC-A-DORMANT-072,Gray Group,72000.0,DORMANT,ELEVATED
EXT-A-072-1,External Beneficiary 72-1,2000.0,ACTIVE,STANDARD
EXT-A-072-2,External Beneficiary 72-2,2000.0,ACTIVE,STANDARD
EXT-A-072-3,External Beneficiary 72-3,2000.0,ACTIVE,STANDARD
EXT-A-072-4,External Beneficiary 72-4,2000.0,ACTIVE,STANDARD
ACC-B-02-A,Meridian Holdings 2-A,500000.0,ACTIVE,ELEVATED
ACC-B-02-B,Meridian Holdings 2-B,500000.0,ACTIVE,ELEVATED
ACC-B-02-C,Meridian Holdings 2-C,500000.0,ACTIVE,ELEVATED
ACC-B-03-A,Meridian Holdings 3-A,500000.0,ACTIVE,ELEVATED
ACC-B-03-B,Meridian Holdings 3-B,500000.0,ACTIVE,ELEVATED
ACC-B-03-C,Meridian Holdings 3-C,500000.0,ACTIVE,ELEVATED
ACC-B-04-A,Meridian Holdings 4-A,500000.0,ACTIVE,ELEVATED
ACC-B-04-B,Meridian Holdings 4-B,500000.0,ACTIVE,ELEVATED
ACC-B-04-C,Meridian Holdings 4-C,500000.0,ACTIVE,ELEVATED
ACC-N-0392,"Ferguson, Meadows and Vargas",25020.19,ACTIVE,ELEVATED
ACC-N-0393,"Johnson, Day and Taylor",6176.3,DORMANT,STANDARD
ACC-N-0394,White-Green,7389.6,ACTIVE,LOW
ACC-N-0395,Lewis-Murphy,11528.33,ACTIVE,ELEVATED
ACC-N-0396,Ramirez-Bean,7809.92,ACTIVE,STANDARD
ACC-N-0397,King-Miller,6823.21,ACTIVE,LOW
ACC-N-0398,Curry Inc,55678.55,ACTIVE,LOW
ACC-N-0399,Walker-Jones,7125.78,ACTIVE,LOW
ACC-N-0400,"Williams, Johnson and Wright",7083.64,ACTIVE,ELEVATED
ACC-N-0401,Howell and Sons,55955.48,DORMANT,LOW
ACC-N-0402,Wells Inc,56609.64,ACTIVE,STANDARD
ACC-N-0403,"Gould, Marshall and Scott",7357.16,ACTIVE,STANDARD
ACC-N-0404,Jackson-Lawson,26624.42,ACTIVE,LOW
ACC-N-0405,"Higgins, Strickland and Martin",8179.19,ACTIVE,STANDARD
ACC-N-0406,Rodriguez-Johnson,61123.16,ACTIVE,LOW
ACC-N-0407,Johnston-Odonnell,9256.18,DORMANT,ELEVATED
ACC-N-0408,Sanders-Espinoza,44856.71,ACTIVE,STANDARD
ACC-N-0409,Vargas Ltd,3591.35,ACTIVE,LOW
ACC-N-0410,Garcia LLC,5058.67,ACTIVE,STANDARD
ACC-N-0411,"Burke, Martinez and Riggs",31423.52,ACTIVE,STANDARD
ACC-N-0412,Reed Group,13418.19,ACTIVE,STANDARD
ACC-N-0413,"Wood, Hunter and Peterson",49821.89,ACTIVE,STANDARD
ACC-N-0414,Short-Garcia,17870.5,DORMANT,LOW
ACC-N-0415,Reid-Poole,14304.89,ACTIVE,LOW
ACC-N-0416,"Hernandez, Thompson and Boyd",22331.73,ACTIVE,LOW
ACC-N-0417,"Nelson, Morton and Medina",12511.47,DORMANT,LOW
ACC-N-0418,Marshall-Petersen,8539.62,ACTIVE,LOW
ACC-N-0419,"Adams, Christian and Rivas",26898.46,ACTIVE,LOW
ACC-N-0420,Ramirez Group,43540.88,ACTIVE,STANDARD
ACC-N-0421,Christensen PLC,12116.29,DORMANT,LOW
ACC-N-0422,"Barnett, Rogers and Snyder",37382.6,ACTIVE,STANDARD
ACC-N-0423,White-Lewis,17224.99,DORMANT,ELEVATED
ACC-N-0424,Peterson-Beard,1334.72,ACTIVE,STANDARD
ACC-N-0425,"Beard, Peters and Black",11024.56,ACTIVE,LOW
ACC-N-0426,Miller Ltd,2830.91,ACTIVE,LOW
ACC-N-0427,Freeman-Chang,15361.76,ACTIVE,ELEVATED
ACC-N-0428,"Alvarez, Joseph and West",2409.64,ACTIVE,HIGH
ACC-N-0429,Davis and Sons,6174.75,ACTIVE,ELEVATED
ACC-N-0430,Holt-Torres,11364.41,ACTIVE,LOW
ACC-N-0431,"Wood, Tran and Cooper",16815.64,DORMANT,LOW
ACC-N-0432,"Pierce, Bell and Chavez",12049.47,ACTIVE,LOW
ACC-N-0433,King-Martinez,16666.69,DORMANT,LOW
ACC-N-0434,Stewart Ltd,22686.36,ACTIVE,STANDARD
ACC-N-0435,"Tapia, Vaughn and Lee",2248.04,ACTIVE,ELEVATED
ACC-N-0436,"Washington, Hardy and Bray",20940.36,ACTIVE,ELEVATED
ACC-N-0437,"Carlson, Hooper and Wall",29413.75,ACTIVE,ELEVATED
ACC-N-0438,Perez-White,4585.0,ACTIVE,LOW
ACC-N-0439,Erickson and Sons,38314.58,ACTIVE,STANDARD
ACC-N-0440,Williams-Brown,5462.16,ACTIVE,STANDARD
ACC-N-0441,Terry-Martinez,6918.7,ACTIVE,STANDARD
ACC-N-0442,Garcia-Smith,2484.48,FROZEN,LOW
ACC-N-0443,Harrison-Alexander,15909.9,ACTIVE,ELEVATED
ACC-N-0444,Sheppard LLC,25041.68,ACTIVE,LOW
ACC-N-0445,Wilson-Jones,3395.64,ACTIVE,LOW
ACC-N-0446,Jones-Soto,8190.71,ACTIVE,STANDARD
ACC-N-0447,Hernandez PLC,37073.65,ACTIVE,LOW
ACC-N-0448,Miller-Wright,28773.85,ACTIVE,STANDARD
ACC-N-0449,"Duran, Obrien and Gibbs",14521.38,DORMANT,STANDARD
ACC-N-0450,Rowe Group,69634.3,ACTIVE,LOW
ACC-N-0451,Kerr-Evans,11616.6,ACTIVE,LOW
ACC-N-0452,"Branch, Torres and Oliver",13808.92,ACTIVE,STANDARD
ACC-N-0453,"Choi, Garcia and Farmer",4301.12,ACTIVE,LOW
ACC-N-0454,"Clark, Guerrero and Moore",3237.69,ACTIVE,LOW
ACC-N-0455,Arnold and Sons,68681.23,ACTIVE,LOW
ACC-N-0456,Ortiz Ltd,14012.55,ACTIVE,STANDARD
ACC-N-0457,"Harrison, Johnson and Roberts",11912.29,ACTIVE,LOW
ACC-N-0458,Warner-Gibson,28677.02,ACTIVE,LOW
ACC-N-0459,"Hall, Baker and Moody",132942.73,ACTIVE,STANDARD
ACC-N-0460,"Guerrero, Peck and Coleman",10845.66,ACTIVE,ELEVATED
ACC-N-0461,"Walker, Hernandez and Baker",8346.46,ACTIVE,STANDARD
ACC-N-0462,Jones and Sons,4223.68,ACTIVE,STANDARD
ACC-N-0463,Larson-Holloway,19256.14,ACTIVE,ELEVATED
ACC-N-0464,Gonzales-Harrison,7433.49,ACTIVE,LOW
ACC-N-0465,Lyons-Bender,25223.9,ACTIVE,STANDARD
ACC-N-0466,"Fernandez, Kim and George",1351.79,ACTIVE,ELEVATED
ACC-N-0467,Navarro-Munoz,24226.08,ACTIVE,STANDARD
ACC-N-0468,Davis Ltd,510.54,ACTIVE,ELEVATED
ACC-N-0469,"Matthews, Smith and Hubbard",15288.93,FROZEN,LOW
ACC-N-0470,Johnston-Hines,2077.75,ACTIVE,LOW
ACC-N-0471,Ruiz Ltd,9080.63,ACTIVE,LOW
ACC-N-0472,Moon-White,19308.99,ACTIVE,LOW
ACC-N-0473,"Graham, Olsen and Costa",50460.04,ACTIVE,STANDARD
ACC-N-0474,Bailey-Cook,37638.56,ACTIVE,LOW
ACC-N-0475,"Garcia, Martin and Jenkins",6357.97,ACTIVE,LOW
ACC-N-0476,Roberts-Landry,12813.17,ACTIVE,LOW
ACC-N-0477,"Johnson, Miller and King",3861.76,ACTIVE,ELEVATED
ACC-N-0478,Cordova Group,2067.8,ACTIVE,LOW
ACC-N-0479,"Bryan, Smith and Booth",31188.75,ACTIVE,STANDARD
ACC-N-0480,Gutierrez-Lopez,1832.67,ACTIVE,ELEVATED
ACC-N-0481,Dean-Jimenez,8273.17,ACTIVE,STANDARD
ACC-N-0482,Wolf-Harris,12129.41,ACTIVE,LOW
ACC-N-0483,"Anderson, Roberts and Gilmore",19200.01,ACTIVE,ELEVATED
ACC-N-0484,Martinez-Dudley,13311.96,ACTIVE,ELEVATED
ACC-N-0485,"Lloyd, Mckinney and Collins",7280.22,ACTIVE,STANDARD
ACC-N-0486,Tran Inc,2851.29,ACTIVE,STANDARD
ACC-N-0487,Gay Inc,4069.2,ACTIVE,LOW
ACC-N-0488,Valentine-Holland,10416.46,DORMANT,LOW
ACC-N-0489,Jimenez Ltd,20731.56,ACTIVE,LOW
ACC-N-0490,Hicks-Hill,17127.28,DORMANT,LOW
ACC-N-0491,Baird-Sanchez,9246.68,ACTIVE,LOW
ACC-N-0492,"Thomas, Lee and Greene",11966.23,ACTIVE,HIGH
ACC-N-0493,"Suarez, Shields and Hill",34473.63,ACTIVE,STANDARD
ACC-N-0494,Morgan-French,888.98,DORMANT,ELEVATED
ACC-N-0495,Hoover-Campbell,3387.57,ACTIVE,LOW
ACC-N-0496,Monroe-Carpenter,3051.49,ACTIVE,STANDARD
ACC-N-0497,"Burns, Hernandez and Ryan",49568.76,ACTIVE,HIGH
ACC-N-0498,Cook-Hines,61163.07,ACTIVE,STANDARD
ACC-N-0499,Gibson-Morris,1897.4,ACTIVE,LOW
ACC-N-0500,Pollard and Sons,5880.59,ACTIVE,HIGH
ACC-N-0501,"Reyes, Chase and Jenkins",1677.46,ACTIVE,LOW
ACC-N-0502,Garner-Thornton,35399.3,ACTIVE,STANDARD
ACC-N-0503,Hughes-Alvarado,17002.77,ACTIVE,ELEVATED
ACC-N-0504,"Pollard, Simpson and Johnson",1834.27,ACTIVE,LOW
ACC-N-0505,"Sanford, Rivera and Garcia",12522.42,ACTIVE,STANDARD
ACC-N-0506,Garcia-Lozano,4417.82,ACTIVE,STANDARD
ACC-N-0507,Bowen Group,12602.42,ACTIVE,LOW
ACC-N-0508,"Booker, Jones and Harrington",6369.95,ACTIVE,LOW
ACC-N-0509,Morgan-Schwartz,5325.88,ACTIVE,LOW
ACC-N-0510,"Miller, Murphy and Craig",6557.48,ACTIVE,STANDARD
ACC-N-0511,"James, Stewart and Higgins",886.45,ACTIVE,LOW
ACC-N-0512,Brennan-Johnson,6599.38,ACTIVE,STANDARD
ACC-N-0513,Young Ltd,7433.69,ACTIVE,ELEVATED
ACC-N-0514,Bright-Francis,17668.9,ACTIVE,LOW
ACC-N-0515,Good-Hodges,19914.37,ACTIVE,HIGH
ACC-N-0516,"Brennan, Wallace and Benson",7063.35,ACTIVE,LOW
ACC-N-0517,Williams Inc,1753.43,ACTIVE,LOW
ACC-N-0518,Howard-Jordan,62807.2,DORMANT,LOW
ACC-N-0519,Schmidt PLC,3282.17,ACTIVE,LOW
ACC-N-0520,"Sparks, Jackson and Miller",4150.37,ACTIVE,STANDARD
ACC-N-0521,Harvey-Allen,7159.59,ACTIVE,ELEVATED
ACC-N-0522,"Thomas, Murray and King",4014.13,ACTIVE,LOW
ACC-N-0523,Estrada-Nolan,1797.85,DORMANT,LOW
ACC-N-0524,Santana-Byrd,5868.07,DORMANT,STANDARD
ACC-N-0525,Jones LLC,12995.65,ACTIVE,LOW
ACC-N-0526,"Evans, Hayden and Vaughn",22829.48,ACTIVE,LOW
ACC-N-0527,Bruce-Gonzalez,14546.46,ACTIVE,STANDARD
ACC-N-0528,Castaneda-Rodriguez,8375.55,ACTIVE,LOW
ACC-N-0529,Armstrong-Andrews,34604.02,ACTIVE,STANDARD
ACC-N-0530,"Phillips, Spence and Barrett",5997.84,ACTIVE,STANDARD
ACC-N-0531,Smith-Grimes,21824.79,ACTIVE,LOW
ACC-N-0532,"Beltran, Lozano and Mcgee",6471.91,ACTIVE,STANDARD
ACC-N-0533,Parsons-Hall,25643.71,ACTIVE,ELEVATED
ACC-N-0534,Robinson-Lee,4525.95,ACTIVE,LOW
ACC-N-0535,Byrd-Le,3963.35,ACTIVE,STANDARD
ACC-N-0536,"Becker, Taylor and Davis",7746.06,ACTIVE,LOW
ACC-N-0537,"Lucas, Parker and Alexander",28259.18,ACTIVE,STANDARD
ACC-N-0538,"Diaz, Anderson and Browning",17301.51,ACTIVE,LOW
ACC-N-0539,Burgess-Thompson,9762.98,ACTIVE,LOW
ACC-N-0540,Buchanan LLC,9778.25,ACTIVE,STANDARD
ACC-N-0541,"Shaw, Nelson and Martin",2072.52,ACTIVE,LOW
ACC-N-0542,Coffey-Phillips,3560.73,ACTIVE,LOW
ACC-N-0543,Brock-Mcdonald,1011.57,ACTIVE,LOW
ACC-N-0544,Taylor and Sons,42666.91,ACTIVE,LOW
ACC-N-0545,"Ramsey, Whitney and Coffey",3164.78,DORMANT,LOW
ACC-N-0546,"Diaz, Gibbs and Smith",10491.01,ACTIVE,LOW
ACC-N-0547,"Martinez, Richardson and Curry",13070.9,ACTIVE,LOW
ACC-N-0548,Richards-Carson,22181.38,ACTIVE,LOW
ACC-N-0549,Rodriguez-Hall,26950.18,ACTIVE,STANDARD
ACC-N-0550,Harvey PLC,1540.97,ACTIVE,LOW
ACC-N-0551,Herman-Walker,59730.29,ACTIVE,LOW
ACC-N-0552,Reid Group,4051.61,ACTIVE,LOW
ACC-N-0553,"Turner, Ortiz and Taylor",3586.5,DORMANT,STANDARD
ACC-N-0554,Torres Group,30823.99,FROZEN,STANDARD
ACC-N-0555,Davis PLC,18762.71,ACTIVE,STANDARD
ACC-N-0556,Price LLC,18683.03,ACTIVE,LOW
ACC-N-0557,"Avery, Horton and Fernandez",13915.96,ACTIVE,LOW
ACC-N-0558,"Newton, Moore and Perry",5674.9,ACTIVE,STANDARD
ACC-N-0559,Bass PLC,55770.22,ACTIVE,LOW
ACC-N-0560,Crosby-Ramirez,38201.31,DORMANT,LOW
ACC-N-0561,"Wood, Ramos and Sampson",3316.05,ACTIVE,LOW
ACC-N-0562,Garcia-Jennings,2690.14,ACTIVE,LOW
ACC-N-0563,"Winters, Newman and Brown",59728.3,ACTIVE,STANDARD
ACC-N-0564,Lopez-Martinez,12692.76,ACTIVE,ELEVATED
ACC-N-0565,Davis-Lewis,3352.87,ACTIVE,LOW
ACC-N-0566,"Harper, Smith and Buchanan",2834.68,ACTIVE,LOW
ACC-N-0567,Zhang PLC,1657.88,ACTIVE,LOW
ACC-N-0568,Jones PLC,28544.62,ACTIVE,ELEVATED
ACC-N-0569,Willis and Sons,4251.19,ACTIVE,STANDARD
ACC-N-0570,Schroeder-Kramer,14462.0,ACTIVE,STANDARD
ACC-N-0571,"Smith, Garrison and Thomas",8671.28,ACTIVE,HIGH
ACC-N-0572,Fernandez and Sons,12298.48,ACTIVE,LOW
ACC-N-0573,Guerrero Inc,12744.88,ACTIVE,LOW
ACC-N-0574,Smith and Sons,13513.61,ACTIVE,LOW
ACC-N-0575,"Morris, Thompson and Williams",13006.49,ACTIVE,ELEVATED
ACC-N-0576,"Fisher, Wilson and Brown",41680.01,ACTIVE,ELEVATED
ACC-N-0577,Strickland-Palmer,3096.17,DORMANT,LOW
ACC-N-0578,Hayes and Sons,10189.47,ACTIVE,LOW
ACC-N-0579,"Williams, Logan and Camacho",33329.22,ACTIVE,STANDARD
ACC-N-0580,"Turner, Schneider and Johnson",47166.45,ACTIVE,LOW
ACC-N-0581,Boone-Simmons,4661.57,DORMANT,STANDARD
ACC-N-0582,Henry Group,41253.25,ACTIVE,STANDARD
ACC-N-0583,Lam LLC,66506.85,ACTIVE,LOW
ACC-N-0584,"Hernandez, Martinez and Weber",9015.51,ACTIVE,LOW
ACC-N-0585,"Kelley, Nguyen and Vang",237721.16,ACTIVE,STANDARD
ACC-N-0586,"Phillips, Wagner and Jordan",26081.93,ACTIVE,ELEVATED
ACC-N-0587,"Wilson, Pena and Rich",24553.3,ACTIVE,LOW
ACC-N-0588,"Le, Lewis and Hayes",10036.52,ACTIVE,LOW
ACC-N-0589,Gutierrez Group,1426.58,ACTIVE,ELEVATED
ACC-N-0590,Perry-Davis,2339.52,ACTIVE,STANDARD
ACC-N-0591,Edwards-Scott,4946.79,DORMANT,LOW
ACC-N-0592,Mcdaniel Group,6588.34,ACTIVE,LOW
ACC-N-0593,Davis Inc,13080.32,ACTIVE,STANDARD
ACC-N-0594,Reynolds Ltd,10540.73,DORMANT,STANDARD
ACC-N-0595,"Watson, Anderson and Brown",9775.95,ACTIVE,LOW
ACC-N-0596,"Hoffman, Santiago and Jenkins",9624.02,ACTIVE,ELEVATED
ACC-N-0597,"Pugh, Henderson and Moon",3258.09,FROZEN,ELEVATED
ACC-N-0598,Schmitt PLC,13212.47,ACTIVE,LOW
ACC-N-0599,Bell-Lane,811.03,ACTIVE,ELEVATED
ACC-N-0600,Moore Group,5666.18,ACTIVE,LOW
ACC-N-0601,Boone LLC,7246.35,ACTIVE,ELEVATED
ACC-N-0602,"Richardson, Farmer and Andrews",4178.39,ACTIVE,LOW
ACC-N-0603,Bruce-Villegas,14613.36,ACTIVE,STANDARD
ACC-N-0604,"Austin, Day and Johnson",48449.44,ACTIVE,ELEVATED
ACC-N-0605,"Gallegos, Adams and White",7899.61,ACTIVE,LOW
ACC-N-0606,"Farmer, Dorsey and Bell",3373.66,ACTIVE,LOW
ACC-N-0607,Kane PLC,17250.25,ACTIVE,LOW
ACC-N-0608,"Morales, Thomas and Schultz",31492.6,ACTIVE,ELEVATED
ACC-N-0609,Davis PLC,16804.69,ACTIVE,LOW
ACC-N-0610,Bennett Group,7201.85,ACTIVE,ELEVATED
ACC-N-0611,Moore-Collins,5588.97,DORMANT,STANDARD
ACC-N-0612,Frank-Bradley,8352.2,ACTIVE,STANDARD
ACC-N-0613,Ware and Sons,10675.57,ACTIVE,LOW
ACC-N-0614,Webster Inc,31739.19,DORMANT,ELEVATED
ACC-N-0615,"Miller, Ramos and Coleman",17846.22,ACTIVE,LOW
ACC-N-0616,"Ramos, Nelson and Fischer",25343.8,ACTIVE,LOW
ACC-N-0617,Reed Inc,24014.04,DORMANT,STANDARD
ACC-N-0618,Gregory-Watkins,13218.32,ACTIVE,STANDARD
ACC-N-0619,"Estrada, Williams and Foster",528.16,ACTIVE,STANDARD
ACC-N-0620,"Brown, Harris and Dougherty",1766.11,ACTIVE,LOW
ACC-N-0621,Duran LLC,3095.09,DORMANT,LOW
ACC-N-0622,Wilson-Jimenez,6099.55,ACTIVE,STANDARD
ACC-N-0623,Thompson-James,14883.91,ACTIVE,LOW
ACC-N-0624,"Hall, Hansen and Barnett",3632.43,DORMANT,STANDARD
ACC-N-0625,Jones-Hensley,2528.19,ACTIVE,LOW
ACC-N-0626,Graham Group,24943.23,ACTIVE,LOW
ACC-N-0627,Atkins PLC,8900.1,ACTIVE,LOW
ACC-N-0628,Berry-Mckinney,3642.0,DORMANT,STANDARD
ACC-N-0629,Roberts-Sullivan,6552.9,ACTIVE,STANDARD
ACC-N-0630,Jackson-Meza,15730.7,ACTIVE,LOW
ACC-N-0631,Collier-Gillespie,20652.32,ACTIVE,ELEVATED
ACC-N-0632,Kim Inc,2430.21,ACTIVE,ELEVATED
ACC-N-0633,Graham Group,18111.68,ACTIVE,STANDARD
ACC-N-0634,"Miller, Harrell and Reese",23636.69,ACTIVE,ELEVATED
ACC-N-0635,Cook and Sons,36857.26,ACTIVE,LOW
ACC-N-0636,Dixon Inc,21307.68,ACTIVE,STANDARD
ACC-N-0637,"Hicks, Bullock and Bailey",22555.93,DORMANT,STANDARD
ACC-N-0638,"Mullen, Brewer and Hernandez",6538.92,ACTIVE,LOW
ACC-N-0639,Thomas and Sons,13907.87,ACTIVE,STANDARD
ACC-N-0640,Morrison Ltd,21083.55,ACTIVE,LOW
ACC-N-0641,Thompson Ltd,41869.16,ACTIVE,STANDARD
ACC-N-0642,Marshall-Elliott,3480.59,ACTIVE,STANDARD
ACC-N-0643,"Cole, Glass and Cunningham",7526.23,ACTIVE,LOW
ACC-N-0644,"Downs, Morris and Maddox",13903.21,ACTIVE,ELEVATED
ACC-N-0645,Hernandez-Jones,18327.07,ACTIVE,STANDARD
ACC-N-0646,Welch-Hogan,1118.55,DORMANT,LOW
ACC-N-0647,"Brown, Romero and Collins",28156.47,ACTIVE,HIGH
ACC-N-0648,Johnson-Wood,6000.75,ACTIVE,LOW
ACC-N-0649,Jones-Lin,9883.36,ACTIVE,STANDARD
ACC-N-0650,Gilbert PLC,22151.9,ACTIVE,ELEVATED
ACC-N-0651,Ford-Spencer,26209.94,ACTIVE,STANDARD
ACC-N-0652,"Huang, Cole and Pacheco",4617.81,ACTIVE,LOW
ACC-N-0653,"Lopez, Jacobs and Mason",17027.66,DORMANT,ELEVATED
ACC-N-0654,Hayes LLC,2859.05,DORMANT,STANDARD
ACC-N-0655,"Miller, Lucas and Williams",114134.19,ACTIVE,LOW
ACC-N-0656,"Kim, Gonzales and Mills",11497.01,ACTIVE,LOW
ACC-N-0657,Cox LLC,15440.15,ACTIVE,LOW
ACC-N-0658,Ortiz-Morgan,6269.98,ACTIVE,ELEVATED
ACC-N-0659,"Williams, Mccoy and Cook",9318.42,ACTIVE,LOW
ACC-N-0660,Davis-Gregory,41987.45,ACTIVE,LOW
ACC-N-0661,King-York,3246.66,ACTIVE,LOW
ACC-N-0662,"Marks, Cook and Aguilar",3972.39,FROZEN,LOW
ACC-N-0663,Rangel LLC,164260.83,ACTIVE,ELEVATED
ACC-N-0664,"Hale, Myers and Larson",12629.02,FROZEN,LOW
ACC-N-0665,Collins Group,10529.29,ACTIVE,ELEVATED
ACC-N-0666,"Conner, Li and Santiago",2445.22,ACTIVE,ELEVATED
ACC-N-0667,"Osborn, Gaines and Davis",7504.81,ACTIVE,STANDARD
ACC-N-0668,"Henderson, Cox and Cox",21915.12,ACTIVE,STANDARD
ACC-N-0669,Bean LLC,33735.06,FROZEN,LOW
ACC-N-0670,Lee-Cooke,26203.9,ACTIVE,LOW
ACC-N-0671,Jones Inc,18289.81,ACTIVE,LOW
ACC-N-0672,"Wise, Conley and Stephenson",3303.25,ACTIVE,STANDARD
ACC-N-0673,Stanley PLC,4471.15,ACTIVE,LOW
ACC-N-0674,Harper and Sons,43800.4,ACTIVE,STANDARD
ACC-N-0675,White Ltd,7781.95,ACTIVE,LOW
ACC-N-0676,"Lamb, Martin and Kim",30751.08,ACTIVE,LOW
ACC-N-0677,Diaz-Ball,3682.59,ACTIVE,LOW
ACC-N-0678,Bishop-Goodwin,4675.95,ACTIVE,STANDARD
ACC-N-0679,Young-Allen,7554.09,ACTIVE,ELEVATED
ACC-N-0680,Mckee-Lee,7755.08,ACTIVE,ELEVATED
ACC-N-0681,"Valentine, Joyce and Murray",7607.78,ACTIVE,STANDARD
ACC-N-0682,Strickland-Shaw,8392.24,ACTIVE,STANDARD
ACC-N-0683,Burch-Montoya,10272.52,ACTIVE,STANDARD
ACC-N-0684,"Taylor, Wright and Davidson",55204.24,ACTIVE,LOW
ACC-N-0685,Spencer-Garcia,5749.28,ACTIVE,STANDARD
ACC-N-0686,"Rosales, Mitchell and Hines",15884.31,ACTIVE,LOW
ACC-N-0687,Cole-Palmer,27727.93,ACTIVE,LOW
ACC-N-0688,Davis-Lozano,12999.23,FROZEN,STANDARD
ACC-N-0689,Wilkerson-Arias,11054.72,ACTIVE,ELEVATED
ACC-N-0690,Brown-Shaw,853.31,DORMANT,LOW
ACC-N-0691,Hughes Inc,6882.51,ACTIVE,LOW
ACC-N-0692,Walker-Flores,3695.39,ACTIVE,STANDARD
ACC-N-0693,Combs Ltd,59978.53,ACTIVE,LOW
ACC-N-0694,Moody-Taylor,3136.29,ACTIVE,STANDARD
ACC-N-0695,Lowery-Kennedy,3648.78,ACTIVE,STANDARD
ACC-N-0696,Blake Group,4619.43,ACTIVE,LOW
ACC-N-0697,Gilbert-Bullock,15025.02,ACTIVE,LOW
ACC-N-0698,Scott and Sons,4446.13,ACTIVE,LOW
ACC-N-0699,"Bentley, Lynch and Henderson",2498.92,ACTIVE,ELEVATED
ACC-N-0700,Young-Martinez,18269.08,ACTIVE,ELEVATED
ACC-N-0701,Barnes PLC,27106.01,ACTIVE,ELEVATED
ACC-N-0702,Brown-Copeland,68445.53,ACTIVE,STANDARD
ACC-N-0703,Carlson-Smith,3918.51,ACTIVE,LOW
ACC-N-0704,"Andrews, Higgins and Carter",2637.16,ACTIVE,LOW
ACC-N-0705,Mendez and Sons,8933.86,ACTIVE,ELEVATED
ACC-N-0706,"Butler, Beck and Miller",4854.51,ACTIVE,LOW
ACC-N-0707,Jones-Fox,13326.52,ACTIVE,STANDARD
ACC-N-0708,"Hartman, Romero and Smith",8217.68,ACTIVE,ELEVATED
ACC-N-0709,Williams-Hughes,2494.87,ACTIVE,LOW
ACC-N-0710,King-Smith,2994.82,ACTIVE,ELEVATED
ACC-N-0711,Cooper Ltd,35974.43,ACTIVE,STANDARD
ACC-N-0712,"Fuller, Ingram and Moss",4020.26,FROZEN,LOW
ACC-N-0713,Anderson-Bell,5560.0,ACTIVE,STANDARD
ACC-N-0714,Li-Thompson,5712.7,ACTIVE,HIGH
ACC-N-0715,"Marshall, Dominguez and Welch",10791.41,ACTIVE,LOW
ACC-N-0716,Brown Group,10163.78,ACTIVE,LOW
ACC-N-0717,Carter Inc,46717.78,ACTIVE,ELEVATED
ACC-N-0718,Blackwell LLC,53294.38,ACTIVE,LOW
ACC-N-0719,Robertson-Hays,10593.4,ACTIVE,ELEVATED
ACC-N-0720,"Kennedy, Johnson and Lucas",8336.81,DORMANT,LOW
ACC-N-0721,Kelly-Norman,45107.0,ACTIVE,LOW
ACC-N-0722,"Rivera, Martinez and Richardson",4791.55,ACTIVE,LOW
ACC-N-0723,Paul-Kline,9522.97,ACTIVE,LOW
ACC-N-0724,Morgan-Lopez,26885.34,ACTIVE,LOW
ACC-N-0725,"Jimenez, Glass and Stone",6328.65,ACTIVE,STANDARD
ACC-N-0726,Acosta Inc,4289.57,ACTIVE,ELEVATED
ACC-N-0727,Morrison-Short,17917.89,ACTIVE,LOW
ACC-N-0728,"Carter, Garcia and Murphy",6802.57,DORMANT,ELEVATED
ACC-N-0729,Parker-Morrison,10131.0,ACTIVE,LOW
ACC-N-0730,Jackson-Wallace,14238.4,ACTIVE,LOW
ACC-N-0731,Williams-Berg,1129.34,ACTIVE,STANDARD
ACC-N-0732,Mendez-Graham,10514.06,ACTIVE,STANDARD
ACC-N-0733,"Whitney, Gould and Jones",9669.83,ACTIVE,LOW
ACC-N-0734,"Sullivan, Palmer and Brady",11727.67,ACTIVE,LOW
ACC-N-0735,Cisneros and Sons,1177.09,ACTIVE,STANDARD
ACC-N-0736,"Gregory, Kim and Martinez",2047.51,DORMANT,ELEVATED
ACC-N-0737,Osborne LLC,3769.32,ACTIVE,ELEVATED
ACC-N-0738,Reyes-Bradley,775.75,ACTIVE,STANDARD
ACC-N-0739,"Hernandez, Cole and Watson",7699.4,ACTIVE,HIGH
ACC-N-0740,Hines-Berry,33958.75,ACTIVE,LOW
ACC-N-0741,"Richardson, Edwards and Ramirez",3041.17,ACTIVE,STANDARD
ACC-N-0742,Johnson and Sons,14823.28,ACTIVE,LOW
ACC-N-0743,Holmes-Mcintyre,8079.28,ACTIVE,STANDARD
ACC-N-0744,Green LLC,32546.12,ACTIVE,LOW
ACC-N-0745,"Griffin, Davies and Mitchell",9679.37,ACTIVE,STANDARD
ACC-N-0746,Gonzalez-Taylor,26042.01,ACTIVE,STANDARD
ACC-N-0747,Hayes Ltd,8744.59,ACTIVE,LOW
ACC-N-0748,Osborn-Cochran,3378.66,ACTIVE,ELEVATED
ACC-N-0749,Contreras-Mckinney,14942.6,ACTIVE,HIGH
ACC-N-0750,"Daniels, Vance and York",19108.49,ACTIVE,ELEVATED
ACC-N-0751,"Mckinney, Graves and Thompson",4456.49,ACTIVE,LOW
ACC-N-0752,Hicks-Martinez,5844.67,ACTIVE,HIGH
ACC-N-0753,Conner and Sons,13723.2,DORMANT,STANDARD
ACC-N-0754,Johnson-Spencer,8873.77,ACTIVE,LOW
ACC-N-0755,Mcdonald-Bird,2719.27,DORMANT,LOW
ACC-N-0756,Salazar Inc,67033.97,ACTIVE,LOW
ACC-N-0757,Parker Ltd,5960.41,ACTIVE,STANDARD
ACC-N-0758,"Mendoza, Jenkins and Ortiz",6783.13,ACTIVE,LOW
ACC-N-0759,"Jones, Compton and Day",23435.33,DORMANT,LOW
ACC-N-0760,Owens-Holmes,3206.75,ACTIVE,LOW
ACC-N-0761,Humphrey PLC,25837.72,ACTIVE,ELEVATED
ACC-N-0762,"Matthews, Saunders and Anderson",14836.64,DORMANT,ELEVATED
ACC-N-0763,"Bartlett, Brown and Martinez",14250.32,ACTIVE,STANDARD
ACC-N-0764,Torres and Sons,13243.09,ACTIVE,HIGH
ACC-N-0765,Donovan-Perez,562.81,ACTIVE,LOW
ACC-N-0766,"Jacobson, Singleton and King",1716.26,ACTIVE,LOW
ACC-N-0767,"Huber, Hill and Weber",3339.02,ACTIVE,STANDARD
ACC-N-0768,"Ferguson, Shaw and Jackson",5054.77,ACTIVE,STANDARD
ACC-N-0769,"Moore, Hopkins and Le",15712.51,ACTIVE,LOW
ACC-N-0770,"Morgan, Bradshaw and Williams",18081.64,DORMANT,STANDARD
ACC-N-0771,Miller Ltd,2416.75,DORMANT,LOW
ACC-N-0772,"Baker, Clark and Armstrong",8070.18,ACTIVE,LOW
ACC-N-0773,"Fowler, Jimenez and Burton",19824.44,ACTIVE,ELEVATED
ACC-N-0774,May-Turner,9810.47,ACTIVE,LOW
ACC-N-0775,Ballard Ltd,92017.3,ACTIVE,ELEVATED
ACC-N-0776,Evans-Jones,38867.26,DORMANT,LOW
ACC-N-0777,Moore Group,26782.13,ACTIVE,ELEVATED
ACC-N-0778,Marshall-Peterson,7964.69,ACTIVE,STANDARD
ACC-N-0779,Edwards Ltd,40182.48,ACTIVE,STANDARD
ACC-N-0780,Gross-Valencia,22571.13,ACTIVE,LOW
ACC-N-0781,Anderson-Wood,20858.13,ACTIVE,ELEVATED
ACC-N-0782,"Rodriguez, Allen and Martinez",4153.92,ACTIVE,STANDARD
ACC-N-0783,Wright-Davis,9104.75,ACTIVE,LOW
ACC-N-0784,Dougherty-Lin,2843.19,FROZEN,LOW
ACC-N-0785,Wright-Grimes,14194.24,ACTIVE,STANDARD
ACC-N-0786,Li PLC,8569.57,ACTIVE,LOW
ACC-N-0787,"Edwards, Hines and Jimenez",45091.1,FROZEN,ELEVATED
ACC-N-0788,"Owens, Koch and Jimenez",7147.05,ACTIVE,ELEVATED
ACC-N-0789,Landry PLC,6665.87,ACTIVE,LOW
ACC-N-0790,Levy-Lewis,98675.22,ACTIVE,STANDARD
ACC-N-0791,Williams-Campbell,14147.87,ACTIVE,STANDARD
ACC-N-0792,"Khan, Pena and Ruiz",4214.31,DORMANT,LOW
ACC-N-0793,"Smith, Rodriguez and Anderson",10303.68,ACTIVE,STANDARD
ACC-N-0794,Luna-Gallagher,2375.26,ACTIVE,STANDARD
ACC-N-0795,Williams-Williams,30486.64,ACTIVE,STANDARD
ACC-N-0796,"Lee, Tran and Jones",8178.3,ACTIVE,LOW
ACC-N-0797,"Cole, Pierce and Bryan",2305.06,ACTIVE,LOW
ACC-N-0798,"Becker, Wilson and Hester",15521.45,ACTIVE,STANDARD
ACC-N-0799,Brooks-Hatfield,13765.81,DORMANT,STANDARD
ACC-N-0800,"Mcmillan, Fischer and Gonzalez",23814.71,ACTIVE,LOW
ACC-N-0801,"Morales, Williams and Williams",11834.11,ACTIVE,LOW
ACC-N-0802,"Cook, Wells and Bryant",5310.6,ACTIVE,STANDARD
ACC-N-0803,"Barry, Taylor and Velazquez",3281.35,ACTIVE,STANDARD
ACC-N-0804,Martin-Ewing,20170.51,ACTIVE,LOW
ACC-N-0805,"Kirby, Wheeler and Romero",5299.65,ACTIVE,LOW
ACC-N-0806,"Patel, Erickson and Evans",8008.56,ACTIVE,LOW
ACC-N-0807,Richardson Ltd,9479.31,ACTIVE,LOW
ACC-N-0808,Whitney PLC,10592.62,ACTIVE,LOW
ACC-N-0809,Robles-Swanson,1342.83,ACTIVE,LOW
ACC-N-0810,"Soto, Carlson and Baker",4842.2,ACTIVE,STANDARD
ACC-N-0811,"Patton, Parsons and Lane",1430.06,ACTIVE,HIGH
ACC-N-0812,"Williams, Castillo and Warren",7831.23,ACTIVE,ELEVATED
ACC-N-0813,"Harvey, Randall and Hernandez",29111.22,ACTIVE,LOW
ACC-N-0814,"Allen, Armstrong and Graves",1170.64,ACTIVE,STANDARD
ACC-N-0815,Smith LLC,13485.79,ACTIVE,STANDARD
ACC-N-0816,Hernandez-Vaughn,73773.54,ACTIVE,LOW
ACC-N-0817,Shaw-Carr,1831.06,ACTIVE,HIGH
ACC-N-0818,Salas-Fitzgerald,7624.33,ACTIVE,LOW
ACC-N-0819,Thornton PLC,8911.0,ACTIVE,STANDARD
ACC-N-0820,Hoffman Ltd,1667.8,DORMANT,STANDARD
ACC-N-0821,Fox-Edwards,14698.62,ACTIVE,LOW
ACC-N-0822,Stevens PLC,5531.86,ACTIVE,LOW
ACC-N-0823,Payne-Lowe,5279.72,ACTIVE,LOW
ACC-N-0824,"Becker, Lara and Baker",22228.3,ACTIVE,LOW
ACC-N-0825,Lee-Wright,11383.55,DORMANT,STANDARD
ACC-N-0826,"Evans, David and Hendrix",3865.24,ACTIVE,LOW
ACC-N-0827,Bush-Vaughn,11638.33,DORMANT,LOW
ACC-N-0828,Stewart-Bailey,10148.98,ACTIVE,STANDARD
ACC-N-0829,"Hill, Martinez and Rhodes",9769.9,ACTIVE,ELEVATED
ACC-N-0830,Huang-Foster,10192.66,ACTIVE,STANDARD
ACC-N-0831,Blevins-Ballard,13984.8,FROZEN,LOW
ACC-N-0832,Williams-Moses,17157.7,ACTIVE,LOW
ACC-N-0833,Reed Group,1956.84,ACTIVE,LOW
ACC-N-0834,"Scott, Mendoza and Harris",3695.99,ACTIVE,LOW
ACC-N-0835,"Nelson, Hoffman and Nelson",2416.39,ACTIVE,STANDARD
ACC-N-0836,Gilbert PLC,14443.08,ACTIVE,LOW
ACC-N-0837,Sanchez Ltd,12564.12,ACTIVE,LOW
ACC-N-0838,"Perez, Hall and Garcia",9368.1,ACTIVE,LOW
ACC-N-0839,Love-Garcia,2388.06,ACTIVE,LOW
ACC-N-0840,Smith PLC,16449.97,ACTIVE,STANDARD
ACC-N-0841,Russell Group,6742.59,DORMANT,LOW
ACC-N-0842,Santos-Avila,9484.57,ACTIVE,LOW
ACC-N-0843,Morris-Brewer,16850.39,DORMANT,LOW
ACC-N-0844,Pearson and Sons,13684.41,ACTIVE,LOW
ACC-N-0845,"Rodgers, Jefferson and Johnson",10368.81,ACTIVE,STANDARD
ACC-N-0846,Butler and Sons,11997.11,ACTIVE,ELEVATED
ACC-N-0847,Osborn Group,48554.99,ACTIVE,LOW
ACC-N-0848,Lopez-Curry,2922.29,ACTIVE,STANDARD
ACC-N-0849,Mcdowell-Smith,9729.93,ACTIVE,STANDARD
ACC-N-0850,"Morrison, Hebert and Rogers",1693.88,DORMANT,LOW
ACC-N-0851,Hays-Daniels,8072.5,ACTIVE,STANDARD
ACC-N-0852,Small-Anderson,885.27,ACTIVE,LOW
ACC-N-0853,"Mcdonald, Lee and Rodriguez",10440.61,ACTIVE,STANDARD
ACC-N-0854,Simon Ltd,8277.9,ACTIVE,STANDARD
ACC-N-0855,Higgins-Smith,35343.96,DORMANT,STANDARD
ACC-N-0856,Gibbs-Bradley,7813.07,ACTIVE,LOW
ACC-N-0857,Thompson Ltd,1703.06,ACTIVE,STANDARD
ACC-N-0858,Wilcox-Robertson,107683.52,DORMANT,LOW
ACC-N-0859,Morales Inc,59771.71,ACTIVE,HIGH
ACC-N-0860,Holden Group,12381.61,ACTIVE,ELEVATED
ACC-N-0861,Boyle-Smith,4921.26,ACTIVE,LOW
ACC-N-0862,Young-Molina,11329.03,DORMANT,LOW
ACC-N-0863,Turner-Sharp,1968.35,ACTIVE,STANDARD
ACC-N-0864,Green LLC,4788.56,ACTIVE,LOW
ACC-N-0865,"Young, Contreras and Marshall",3549.6,ACTIVE,STANDARD
ACC-N-0866,Sullivan PLC,5221.27,ACTIVE,LOW
ACC-N-0867,"Carrillo, Vaughn and Fowler",12682.11,ACTIVE,LOW
ACC-N-0868,Richardson-Walker,5797.54,DORMANT,STANDARD
ACC-N-0869,Mendoza Group,2485.06,ACTIVE,STANDARD
ACC-N-0870,"Zhang, Brooks and Miles",2838.24,DORMANT,STANDARD
ACC-N-0871,Todd-Pham,106362.31,ACTIVE,LOW
ACC-N-0872,Gill Ltd,3203.65,ACTIVE,STANDARD
ACC-N-0873,"Marks, Miller and Griffin",967.42,ACTIVE,STANDARD
ACC-N-0874,"Cox, Stark and Rodriguez",6289.03,ACTIVE,STANDARD
ACC-N-0875,"Leach, Harris and Herrera",8400.5,ACTIVE,STANDARD
ACC-N-0876,Murphy PLC,18788.32,ACTIVE,LOW
ACC-N-0877,Wilson-Harris,11232.84,DORMANT,ELEVATED
ACC-N-0878,"Burns, Nolan and Griffin",18147.56,ACTIVE,LOW
ACC-N-0879,Chavez PLC,2446.26,ACTIVE,LOW
ACC-N-0880,Bryant-Brown,30557.17,FROZEN,LOW
ACC-N-0881,Chambers-Parker,5829.74,ACTIVE,STANDARD
ACC-N-0882,Foster Inc,9037.42,ACTIVE,STANDARD
ACC-N-0883,"Robinson, Jones and Henderson",2340.27,ACTIVE,LOW
ACC-N-0884,"Brown, Mcknight and Michael",2519.12,ACTIVE,LOW
ACC-N-0885,Andersen Group,11062.88,ACTIVE,LOW
ACC-N-0886,Mitchell and Sons,16425.38,ACTIVE,LOW
ACC-N-0887,Cannon Ltd,4561.23,ACTIVE,LOW
ACC-N-0888,"Stuart, Brooks and Vance",6052.66,ACTIVE,LOW
ACC-N-0889,Kane-Knox,5329.72,ACTIVE,LOW
ACC-N-0890,Miller-Brandt,29708.59,ACTIVE,STANDARD
ACC-N-0891,"Anderson, Dalton and Wilson",95572.86,ACTIVE,STANDARD
ACC-N-0892,"Long, Anderson and Irwin",3052.75,ACTIVE,STANDARD
ACC-N-0893,Avila LLC,3438.69,ACTIVE,LOW
ACC-N-0894,Nunez-Stephens,2931.54,ACTIVE,LOW
ACC-N-0895,"Gray, Hall and Murray",164319.66,ACTIVE,LOW
ACC-N-0896,Hill Ltd,6301.96,ACTIVE,STANDARD
ACC-N-0897,Johnson Ltd,54507.4,ACTIVE,STANDARD
ACC-N-0898,Mendez-Mayer,2573.95,DORMANT,STANDARD
ACC-N-0899,Allen Inc,42717.13,ACTIVE,LOW
ACC-N-0900,Wheeler Group,865.77,ACTIVE,ELEVATED
ACC-N-0901,"Powers, Brennan and Sanchez",33285.72,ACTIVE,ELEVATED
ACC-N-0902,Morales and Sons,13380.48,ACTIVE,LOW
ACC-N-0903,"Robinson, Shields and Brown",9819.21,ACTIVE,LOW
ACC-N-0904,"Holder, Young and Hendricks",1552.84,ACTIVE,LOW
ACC-N-0905,"Flores, Harper and Chambers",8534.97,ACTIVE,ELEVATED
ACC-N-0906,Young-Walter,9511.85,ACTIVE,LOW
ACC-N-0907,"Boyd, Gutierrez and Hill",6570.54,ACTIVE,STANDARD
ACC-N-0908,"Fry, Hobbs and Buck",15947.15,ACTIVE,STANDARD
ACC-N-0909,"Shelton, Peters and Williams",25867.28,ACTIVE,HIGH
ACC-N-0910,David-Powers,13014.3,ACTIVE,LOW
ACC-N-0911,"Flores, Butler and Hernandez",6234.62,ACTIVE,HIGH
ACC-N-0912,White-Medina,16058.32,FROZEN,STANDARD
ACC-N-0913,Atkinson LLC,21359.17,ACTIVE,LOW
ACC-N-0914,"Thomas, Ford and Brown",4106.63,ACTIVE,LOW
ACC-N-0915,Faulkner-Grant,47042.95,ACTIVE,HIGH
ACC-N-0916,Price LLC,20895.14,DORMANT,LOW
ACC-N-0917,Rivera Inc,14982.17,ACTIVE,STANDARD
ACC-N-0918,Boone-Davis,12327.46,ACTIVE,LOW
ACC-N-0919,"Calderon, Williams and Bennett",4021.09,ACTIVE,LOW
ACC-N-0920,"Morrison, Russo and Lopez",23836.04,ACTIVE,ELEVATED
ACC-N-0921,"Ramsey, Hansen and Mendoza",1289.84,ACTIVE,STANDARD
ACC-N-0922,Turner-Stout,6737.54,ACTIVE,LOW
ACC-N-0923,Giles Ltd,12472.51,ACTIVE,LOW
ACC-N-0924,Burgess Group,15916.76,ACTIVE,STANDARD
ACC-N-0925,Dominguez Ltd,28106.14,ACTIVE,LOW
ACC-N-0926,Sanders and Sons,19065.16,ACTIVE,LOW
ACC-N-0927,"Morris, Campbell and Owens",27559.4,ACTIVE,ELEVATED
ACC-N-0928,"Howard, Green and Hunt",8030.22,ACTIVE,ELEVATED
ACC-N-0929,Owens-Lang,12526.1,ACTIVE,LOW
ACC-N-0930,"Harrison, Franco and Rocha",5344.41,ACTIVE,STANDARD
ACC-N-0931,Edwards-Williams,1590.18,DORMANT,LOW
ACC-N-0932,Figueroa Inc,41164.39,ACTIVE,LOW
ACC-N-0933,Tran-Silva,41031.95,ACTIVE,STANDARD
ACC-N-0934,"Butler, Hernandez and Rivera",1328.9,ACTIVE,STANDARD
ACC-N-0935,Hudson-Sanchez,12083.97,ACTIVE,STANDARD
ACC-N-0936,"Pena, Cohen and Scott",27570.8,ACTIVE,LOW
ACC-N-0937,Levy-May,1145.94,ACTIVE,LOW
ACC-N-0938,Murray-Oconnor,2098.51,ACTIVE,LOW
ACC-N-0939,Jackson-Cortez,3375.38,ACTIVE,ELEVATED
ACC-N-0940,White-Preston,18086.79,ACTIVE,LOW
ACC-N-0941,"Bernard, Warren and Combs",3099.79,DORMANT,LOW
ACC-N-0942,Landry Ltd,6186.74,ACTIVE,ELEVATED
ACC-N-0943,Duran Group,16478.65,DORMANT,LOW
ACC-N-0944,Kirby and Sons,32542.61,ACTIVE,STANDARD
ACC-N-0945,Mann Inc,27593.85,ACTIVE,LOW
ACC-N-0946,Wagner LLC,3315.17,ACTIVE,STANDARD
ACC-N-0947,Williamson Ltd,30607.22,ACTIVE,STANDARD
ACC-N-0948,"Durham, Hopkins and Smith",5524.15,ACTIVE,STANDARD
ACC-N-0949,"Arnold, Smith and Moreno",20587.26,ACTIVE,LOW
ACC-N-0950,Nichols-Mitchell,4174.77,ACTIVE,STANDARD
ACC-N-0951,"Li, Craig and Drake",49228.55,ACTIVE,LOW
ACC-N-0952,Rodriguez Inc,5027.74,ACTIVE,STANDARD
ACC-N-0953,"Hernandez, Lee and Fox",10881.58,DORMANT,STANDARD
ACC-N-0954,Adams-Sanders,6770.45,FROZEN,LOW
ACC-N-0955,Chung-Stevens,3987.41,ACTIVE,LOW
ACC-N-0956,Branch and Sons,10471.49,ACTIVE,LOW
ACC-N-0957,Sutton-Abbott,5146.32,ACTIVE,STANDARD
ACC-N-0958,"Frey, Santos and Johnson",24540.08,ACTIVE,ELEVATED
ACC-N-0959,Gray-Tran,5507.95,ACTIVE,ELEVATED
ACC-N-0960,Walsh Ltd,7548.52,ACTIVE,LOW
ACC-N-0961,Miller Group,16076.18,ACTIVE,LOW
ACC-N-0962,"Mueller, Knight and Hodge",6435.22,ACTIVE,LOW
ACC-N-0963,Jacobson Inc,7283.03,ACTIVE,LOW
ACC-N-0964,Lewis Ltd,2590.6,ACTIVE,STANDARD
ACC-N-0965,"Alvarez, Williams and Jones",12299.0,ACTIVE,LOW
ACC-N-0966,Lam-Elliott,11738.45,ACTIVE,STANDARD
ACC-N-0967,White LLC,7692.01,ACTIVE,STANDARD
ACC-N-0968,Ali PLC,12068.83,ACTIVE,LOW
ACC-N-0969,Goodwin Ltd,2539.59,ACTIVE,STANDARD
ACC-N-0970,Hickman-Evans,12477.23,DORMANT,STANDARD
ACC-N-0971,"Allen, Davenport and Price",14647.29,ACTIVE,STANDARD
ACC-N-0972,"Rivera, Campos and Taylor",5820.71,ACTIVE,HIGH
ACC-N-0973,"Ramsey, Mason and Mccann",5085.37,ACTIVE,STANDARD
ACC-N-0974,Davis and Sons,2428.94,ACTIVE,HIGH
ACC-N-0975,Peterson PLC,3258.65,ACTIVE,ELEVATED
ACC-N-0976,"Sanders, Ayala and Johnson",2794.64,ACTIVE,HIGH
ACC-N-0977,Bowers-Hayes,9796.73,ACTIVE,ELEVATED
ACC-N-0978,Kelly Group,9623.05,ACTIVE,LOW
ACC-N-0979,Lopez-Willis,15940.26,ACTIVE,STANDARD
ACC-N-0980,Miller-Montgomery,11270.34,DORMANT,STANDARD
ACC-N-0981,Marquez Inc,2271.48,ACTIVE,LOW
ACC-N-0982,Moore-Dawson,12153.96,ACTIVE,STANDARD
ACC-N-0983,"Moore, Price and Ward",6042.25,DORMANT,LOW
ACC-N-0984,Smith LLC,11089.44,ACTIVE,LOW
ACC-N-0985,Ward-Nelson,26810.66,ACTIVE,STANDARD
ACC-N-0986,Miller Group,24900.41,ACTIVE,LOW
ACC-N-0987,Hawkins-Hunt,4612.66,ACTIVE,LOW
ACC-N-0988,Johnson LLC,19157.37,ACTIVE,LOW
ACC-N-0989,"Davis, George and Nguyen",3219.7,DORMANT,LOW
ACC-N-0990,Smith-Gutierrez,31538.04,ACTIVE,LOW
ACC-N-0991,Hardy PLC,10444.03,ACTIVE,STANDARD
ACC-N-0992,Armstrong and Sons,1619.36,DORMANT,STANDARD
ACC-N-0993,"James, Taylor and Turner",2328.54,ACTIVE,LOW
ACC-N-0994,Thomas-Jackson,14467.9,ACTIVE,STANDARD
ACC-N-0995,Fisher-Washington,25966.19,ACTIVE,LOW
ACC-N-0996,Ward and Sons,8135.53,DORMANT,LOW
ACC-N-0997,"Weber, Wheeler and Gonzalez",1369.57,ACTIVE,LOW
ACC-N-0998,Taylor Inc,5576.71,ACTIVE,LOW
ACC-N-0999,Cook-Oliver,10443.68,ACTIVE,LOW
ACC-N-1000,Alexander-Jordan,14872.42,ACTIVE,LOW
